-- MySQL dump 10.13  Distrib 8.0.12, for Win64 (x86_64)
--
-- Host: localhost    Database: bdodae_new
-- ------------------------------------------------------
-- Server version	8.0.12

/*!40101 SET @OLD_CHARACTER_SET_CLIENT=@@CHARACTER_SET_CLIENT */;
/*!40101 SET @OLD_CHARACTER_SET_RESULTS=@@CHARACTER_SET_RESULTS */;
/*!40101 SET @OLD_COLLATION_CONNECTION=@@COLLATION_CONNECTION */;
 SET NAMES utf8 ;
/*!40103 SET @OLD_TIME_ZONE=@@TIME_ZONE */;
/*!40103 SET TIME_ZONE='+00:00' */;
/*!40014 SET @OLD_UNIQUE_CHECKS=@@UNIQUE_CHECKS, UNIQUE_CHECKS=0 */;
/*!40014 SET @OLD_FOREIGN_KEY_CHECKS=@@FOREIGN_KEY_CHECKS, FOREIGN_KEY_CHECKS=0 */;
/*!40101 SET @OLD_SQL_MODE=@@SQL_MODE, SQL_MODE='NO_AUTO_VALUE_ON_ZERO' */;
/*!40111 SET @OLD_SQL_NOTES=@@SQL_NOTES, SQL_NOTES=0 */;

--
-- Table structure for table `city`
--

DROP TABLE IF EXISTS `city`;
/*!40101 SET @saved_cs_client     = @@character_set_client */;
 SET character_set_client = utf8mb4 ;
CREATE TABLE `city` (
  `city_id` int(11) NOT NULL AUTO_INCREMENT,
  `name` char(50) NOT NULL,
  PRIMARY KEY (`city_id`)
) ENGINE=InnoDB AUTO_INCREMENT=20 DEFAULT CHARSET=utf8mb4 COLLATE=utf8mb4_0900_ai_ci;
/*!40101 SET character_set_client = @saved_cs_client */;

--
-- Dumping data for table `city`
--

LOCK TABLES `city` WRITE;
/*!40000 ALTER TABLE `city` DISABLE KEYS */;
INSERT INTO `city` VALUES (1,'Altinova'),(2,'Tarif'),(3,'Heidel'),(4,'Sand Grain Bazaar'),(5,'Valencia'),(6,'Ancado'),(7,'Old Wisdom Tree'),(8,'Duvencrune'),(9,'Grana'),(10,'Trent'),(11,'Port Epheria'),(12,'Olvia'),(13,'Calpheon'),(14,'Velia'),(15,'Glish'),(16,'Arehaza'),(17,'Shakatu'),(18,'Keplan'),(19,'Iliya Island');
/*!40000 ALTER TABLE `city` ENABLE KEYS */;
UNLOCK TABLES;

--
-- Table structure for table `distance`
--

DROP TABLE IF EXISTS `distance`;
/*!40101 SET @saved_cs_client     = @@character_set_client */;
 SET character_set_client = utf8mb4 ;
CREATE TABLE `distance` (
  `distance_id` int(11) NOT NULL AUTO_INCREMENT,
  `amount` int(11) DEFAULT NULL,
  `city_id` int(11) NOT NULL,
  `subnode_id` int(11) NOT NULL,
  PRIMARY KEY (`distance_id`),
  KEY `city_id` (`city_id`),
  KEY `subnode_id` (`subnode_id`),
  CONSTRAINT `distance_ibfk_1` FOREIGN KEY (`city_id`) REFERENCES `city` (`city_id`),
  CONSTRAINT `distance_ibfk_2` FOREIGN KEY (`subnode_id`) REFERENCES `subnode` (`subnode_id`)
) ENGINE=InnoDB DEFAULT CHARSET=utf8mb4 COLLATE=utf8mb4_0900_ai_ci;
/*!40101 SET character_set_client = @saved_cs_client */;

--
-- Dumping data for table `distance`
--

LOCK TABLES `distance` WRITE;
/*!40000 ALTER TABLE `distance` DISABLE KEYS */;
/*!40000 ALTER TABLE `distance` ENABLE KEYS */;
UNLOCK TABLES;

--
-- Table structure for table `item`
--

DROP TABLE IF EXISTS `item`;
/*!40101 SET @saved_cs_client     = @@character_set_client */;
 SET character_set_client = utf8mb4 ;
CREATE TABLE `item` (
  `item_id` int(11) NOT NULL,
  `name` char(50) NOT NULL,
  PRIMARY KEY (`item_id`)
) ENGINE=InnoDB DEFAULT CHARSET=utf8mb4 COLLATE=utf8mb4_0900_ai_ci;
/*!40101 SET character_set_client = @saved_cs_client */;

--
-- Dumping data for table `item`
--

LOCK TABLES `item` WRITE;
/*!40000 ALTER TABLE `item` DISABLE KEYS */;
INSERT INTO `item` VALUES (0,'Acacia Sap'),(1,'Acacia Timber'),(2,'Aloe'),(3,'Altar Imp\'s Broken Trumpet'),(4,'Ancient Artifact Fragment'),(5,'Ancient Civilization Follower\'s Seal'),(6,'Arrow Mushroom'),(7,'Ash Sap'),(8,'Ash Timber'),(9,'Bag Of Muddy Water'),(10,'Barley'),(11,'Big Arrow Mushroom'),(12,'Big Cloud Mushroom'),(13,'Big Dwarf Mushroom'),(14,'Big Emperor Mushroom'),(15,'Big Fortune Teller Mushroom'),(16,'Big Ghost Mushroom'),(17,'Big Sky Mushroom'),(18,'Big Tiger Mushroom'),(19,'Birch Plank'),(20,'Birch Sap'),(21,'Birch Timber'),(22,'Black Dirt'),(23,'Bloody Tree Knot'),(24,'Blue Umbrella Mushroom'),(25,'Bracken'),(26,'Bunch Of Silk Honey Grass'),(27,'Bunch Of Silver Azaleas'),(28,'Cactus Rind'),(29,'Cactus Sap'),(30,'Cactus Thorn'),(31,'Cedar Sap'),(32,'Cedar Timber'),(33,'Chicken Meat'),(34,'Cinnamon'),(35,'Cloth From The Altar Imp Barracks'),(36,'Cloud Mushroom'),(37,'Coal'),(38,'Coconut'),(39,'Contaminated Tooth'),(40,'Cooking Honey'),(41,'Copper Ore'),(42,'Corn'),(43,'Cotton'),(44,'Cotton Yarn'),(45,'Cracked Fang'),(46,'Cursed Quartz Fragment'),(47,'Date Palm'),(48,'Desert Fogan\'s Helmet Shard'),(49,'Dried Angler'),(50,'Dried Bigeye'),(51,'Dried Blue Tang'),(52,'Dried Bluefish'),(53,'Dried Cero'),(54,'Dried Checkerboard Wrasse'),(55,'Dried Clownfish'),(56,'Dried Dolphinfish'),(57,'Dried Filefish'),(58,'Dried Flatfish'),(59,'Dried Flying Fish'),(60,'Dried Golden-Thread'),(61,'Dried Grouper'),(62,'Dried Grunt'),(63,'Dried Gurnard'),(64,'Dried John Dory'),(65,'Dried Maomao'),(66,'Dried Mullet'),(67,'Dried Nibbler'),(68,'Dried Octopus'),(69,'Dried Pintado'),(70,'Dried Porgy'),(71,'Dried Ray'),(72,'Dried Rockfish'),(73,'Dried Rosefish'),(74,'Dried Round Herring'),(75,'Dried Saurel'),(76,'Dried Scorpion Fish'),(77,'Dried Sea Bass'),(78,'Dried Siganid'),(79,'Dried Skipjack'),(80,'Dried Striped Catfish'),(81,'Dried Surfperch'),(82,'Dried Swellfish'),(83,'Dried Swordfish'),(84,'Dried Tapertail Anchovy'),(85,'Dried Tuna'),(86,'Dried Whiting'),(87,'Dry Mane Grass'),(88,'Dry Rock Fragment'),(89,'Dull Bone Fragment'),(90,'Dull Club Piece'),(91,'Dwarf Mushroom'),(92,'Egg'),(93,'Elder Tree Plank'),(94,'Elder Tree Sap'),(95,'Elder Tree Timber'),(96,'Emperor Mushroom'),(97,'Faded Magic Powder'),(98,'Fig'),(99,'Fir Plank'),(100,'Fir Sap'),(101,'Fir Timber'),(102,'Flax'),(103,'Flax Thread'),(104,'Fleece'),(105,'Fortune Teller Mushroom'),(106,'Freekeh'),(107,'Ghost Mushroom'),(108,'Grape'),(109,'Green Pendulous Mushroom'),(110,'Helmet Ornament'),(111,'High-Quality Arrow Mushroom'),(112,'High-Quality Strawberry'),(113,'High-Quality Sweet Potato'),(114,'Iron Ore'),(115,'Knitting Yarn'),(116,'Lead Ore'),(117,'Loopy Tree Plank'),(118,'Loopy Tree Sap'),(119,'Loopy Tree Timber'),(120,'Magic Stone Fragment'),(121,'Maple Sap'),(122,'Maple Timber'),(123,'Monk\'s Branch'),(124,'Moss Tree Plank'),(125,'Moss Tree Sap'),(126,'Moss Tree Timber'),(127,'Mythril'),(128,'Noc Ore'),(129,'Nutmeg'),(130,'Obscuring Golem Fragment'),(131,'Old Tree Bark'),(132,'Olive'),(133,'Oyster'),(134,'Palm Plank'),(135,'Palm Sap'),(136,'Palm Timber'),(137,'Paprika'),(138,'Pile Of Sunrise Herbs'),(139,'Pine Plank'),(140,'Pine Sap'),(141,'Pine Timber'),(142,'Pink Trumpet Mushroom'),(143,'Pistachio'),(144,'Platinum Ore'),(145,'Potato'),(146,'Powder Of Crevice'),(147,'Powder Of Darkness'),(148,'Powder Of Earth'),(149,'Powder Of Flame'),(150,'Powder Of Time'),(151,'Pumpkin'),(152,'Purified Water'),(153,'Red Tree Lump'),(154,'Rough Black Crystal'),(155,'Rough Blue Crystal'),(156,'Rough Diamond'),(157,'Rough Green Crystal'),(158,'Rough Lapis Lazuli'),(159,'Rough Mud Crystal'),(160,'Rough Opal'),(161,'Rough Red Crystal'),(162,'Rough Ruby'),(163,'Rough Translucent Crystal'),(164,'Rough Violet Crystal'),(165,'Sharp Helmet Fragment'),(166,'Shrimp'),(167,'Silk Honey Grass'),(168,'Silk Thread'),(169,'Silkworm Cocoon'),(170,'Silver Azalea'),(171,'Sky Mushroom'),(172,'Special Arrow Mushroom'),(173,'Special Sweet Potato'),(174,'Spirit\'s Leaf'),(175,'Star Anise'),(176,'Strawberry'),(177,'Sulfur'),(178,'Sunrise Herb'),(179,'Sweet Potato'),(180,'Teff'),(181,'Thuja Plank'),(182,'Thuja Sap'),(183,'Thuja Timber'),(184,'Tiger Mushroom'),(185,'Tin Ore'),(186,'Titanium Ore'),(187,'Token Of Crescent'),(188,'Tough Bear Hide'),(189,'Trace Of Ascension'),(190,'Trace Of Battle'),(191,'Trace Of Chaos'),(192,'Trace Of Despair'),(193,'Trace Of Forest'),(194,'Trace Of Hunting'),(195,'Trace Of Memory'),(196,'Trace Of Origin'),(197,'Trace Of Savagery'),(198,'Trace Of The Earth'),(199,'Trace Of Violence'),(200,'Vanadium Ore'),(201,'Vedelona'),(202,'Volcanic Umbrella Mushroom'),(203,'Wagon Wheel'),(204,'Weathered Cursed Fang'),(205,'Weathered Rock Fragment From Ruins Site'),(206,'Wheat'),(207,'White Cedar Sap'),(208,'White Cedar Timber'),(209,'White Flower Mushroom'),(210,'White Umbrella Mushroom'),(211,'Withered Leaf'),(212,'Zinc Ore');
/*!40000 ALTER TABLE `item` ENABLE KEYS */;
UNLOCK TABLES;

--
-- Table structure for table `node`
--

DROP TABLE IF EXISTS `node`;
/*!40101 SET @saved_cs_client     = @@character_set_client */;
 SET character_set_client = utf8mb4 ;
CREATE TABLE `node` (
  `node_id` int(11) NOT NULL AUTO_INCREMENT,
  `name` char(50) NOT NULL,
  `cp` int(11) DEFAULT '0',
  `area` char(50) DEFAULT NULL,
  `type` char(50) DEFAULT NULL,
  `region_mod_percent` float DEFAULT NULL,
  `connections` char(255) DEFAULT NULL,
  PRIMARY KEY (`node_id`)
) ENGINE=InnoDB AUTO_INCREMENT=381 DEFAULT CHARSET=utf8mb4 COLLATE=utf8mb4_0900_ai_ci;
/*!40101 SET character_set_client = @saved_cs_client */;

--
-- Dumping data for table `node`
--

LOCK TABLES `node` WRITE;
/*!40000 ALTER TABLE `node` DISABLE KEYS */;
INSERT INTO `node` VALUES (1,'Abandoned Iron Mine',2,'Mediah','Worker Node',0,'Abandoned Iron Mine Saunil District, Abandoned Iron Mine Rhutum District, Altinova Entrance'),(2,'Abandoned Iron Mine Entrance',1,'Mediah','Connection Node',NULL,'Highland Junction, Alumn Rock Valley'),(3,'Abandoned Iron Mine Rhutum District',1,'Mediah','Connection Node',NULL,'Abandoned Iron Mine, Abun'),(4,'Abandoned Iron Mine Saunil District',1,'Mediah','Connection Node',NULL,'Alumn Rock Valley, Abandoned Iron Mine, Marni\'s 2nd Lab'),(5,'Abandoned Land',1,'Calpheon','Connection Node',NULL,'Isolated Sentry Post, Cohen Farm, Calpheon'),(6,'Abandoned Monastery',3,'Calpheon','Connection Node',NULL,'Treant Forest, Lumberjack\'s Rest Area, Tobare\'s Cabin'),(7,'Abandoned Quarry',2,'Calpheon','Connection Node',NULL,'Tarte Rock Fork, Gehaku Plain'),(8,'Abun',1,'Mediah','Connection Node',NULL,'Marni\'s 2nd Lab, Abandoned Iron Mine Rhutum District, Altinova'),(9,'Acher Guard Post',3,'Kamasylvia','Connection Node',NULL,'Western Valtarra Mountains, Loopy Tree Forest'),(10,'Acher Southern Camp',1,'Kamasylvia','Connection Node',NULL,'Grana'),(11,'Acher Western Camp',2,'Kamasylvia','Connection Node',NULL,'Loopy Tree Forest'),(12,'Ahib Conflict Zone',2,'Drieghan','Connection Node',NULL,'Akum Rocky Mountain, Lemoria Guard Post, Khalk Canyon'),(13,'Ahto Farm',2,'Mediah','Worker Node',0,'Stonetail Horse Ranch, Manes Hideout, Kamasylve Temple'),(14,'Ajir Island',1,'Balenos','Connection Node',NULL,'Al-Naha Island, Baremi Island'),(15,'Akman',5,'Valencia','Worker Node',1,'Crescent Mountains, Pilgrim\'s Sanctum: Humility, Pilgrim\'s Sanctum: Sincerity'),(16,'Akum Rocky Mountain',1,'Drieghan','Worker Node',1,'Ahib Conflict Zone'),(17,'Al-Naha Island',1,'Balenos','Connection Node',NULL,'Racid Island, Ajir Island'),(18,'Albresser Island',1,'Calpheon','Worker Node',1,'Eberdeen Island, Barater Island, Padix Island, Staren Island'),(19,'Alejandro Farm',2,'Serendia','Worker Node',0,'Northern Guard Camp, Lynch Farm Ruins'),(20,'Almai Island',1,'Calpheon','Connection Node',NULL,'Kuit Islands'),(21,'Altar Of Agris',1,'Balenos','Connection Node',NULL,'Imp Cave'),(22,'Altas Farmland',2,'Valencia','Worker Node',1,'Ancado, Ivory Wasteland'),(23,'Altinova',0,'Mediah','Town Node',NULL,'Altinova Gateway, Abun, Altinova Entrance'),(24,'Altinova Entrance',1,'Mediah','Connection Node',NULL,'Altinova, Stonebeak Shore, Awakening Bell, Highland Junction, Abandoned Iron Mine'),(25,'Altinova Gateway',3,'Valencia','Connection Node',NULL,'Altinova, Rock Post'),(26,'Alumn Rock Valley',1,'Mediah','Connection Node',NULL,'Splashing Point, Abandoned Iron Mine Saunil District, Wandering Rogue Den, Abandoned Iron Mine Entrance'),(27,'Ancado',1,'Valencia','Town Node',NULL,'Rakshan Observatory, Altas Farmland, Ancado Coast, Derko Island'),(28,'Ancado Coast',1,'Valencia','Connection Node',NULL,'Kmach Canyon, Pilgrim\'s Sanctum: Obedience, Ancado'),(29,'Ancient Fissure',2,'Mediah','Worker Node',0,'Rumbling Land, Ancient Ruins Excavation Site, Helms Post'),(30,'Ancient Ruins Excavation Site',1,'Mediah','Worker Node',0,'Kamasylve Temple, Canyon Of Corruption, Ancient Fissure'),(31,'Ancient Stone Chamber',1,'Balenos','Worker Node',0,'Forest Of Seclusion'),(32,'Angie Island',1,'Balenos','Worker Node',0,'Balvege Island, Marka Island'),(33,'Anti-Troll Fortification',3,'Calpheon','Connection Node',NULL,'Elder\'s Bridge Post, Isolated Sentry Post, Bernianto Farm, Contaminated Farm'),(34,'Arakil Island',1,'Balenos','Connection Node',NULL,'Kanvera Island, Iliya Island'),(35,'Areha Palm Forest',1,'Valencia','Worker Node',1,'Valencia, Arehaza'),(36,'Arehaza',0,'Valencia','Town Node',NULL,'Areha Palm Forest, Northern Sand Dune, Central Cantusa'),(37,'Arita Island',1,'Calpheon','Connection Node',NULL,'Padix Island, Lisz Island, Narvo Island, Tashu Island'),(38,'Ash Forest',3,'Kamasylvia','Connection Node',NULL,'Loopy Tree Forest'),(39,'Asula Highland',1,'Mediah','Connection Node',NULL,'Omar Lava Cave, Stonetail Horse Ranch, Kasula Farm, Highland Junction'),(40,'Atanis Pond',1,'Kamasylvia','Connection Node',NULL,'Lemoria Guard Post, Caduil Forest, Viv Foretta\'s Cabin'),(41,'Awakening Bell',1,'Mediah','Connection Node',NULL,'Omar Lava Cave, Altinova Entrance'),(42,'Baeza Island',1,'Calpheon','Worker Node',1,'Randis Island, Modric Island'),(43,'Bain Farmland',2,'Calpheon','Connection Node',NULL,'Oberen Farm, Phoniel\'s Cabin Entrance'),(44,'Balenos Forest',2,'Balenos','Worker Node',0,'Bartali Farm, Heidel Pass'),(45,'Balenos River Mouth',1,'Balenos','Connection Node',NULL,'Coastal Cliff, Olvia Coast, Wolf Hills'),(46,'Balvege Island',1,'Balenos','Connection Node',NULL,'Marlene Island, Angie Island, Eveto Island'),(47,'Bambu Valley',1,'Valencia','Worker Node',1,'Gahaz Bandit\'s Lair, Iris Canyon'),(48,'Bandit\'s Den Byway',3,'Serendia','Connection Node',NULL,'Biraghi Den, Forest Of Seclusion, Western Guard Camp'),(49,'Barater Island',1,'Calpheon','Worker Node',1,'Randis Island, Albresser Island'),(50,'Baremi Island',1,'Balenos','Connection Node',NULL,'Ajir Island, Weita Island, Orffs Island'),(51,'Barhan Gateway',3,'Valencia','Connection Node',NULL,'Capotia, Taphtar Plain'),(52,'Bartali Farm',2,'Balenos','Worker Node',0,'Balenos Forest, Marino Farm, Velia, Toscani Farm'),(53,'Bashim Base',1,'Valencia','Worker Node',1,'Waragon Nest, Pujiya Canyon'),(54,'Basilisk Den',4,'Valencia','Connection Node',NULL,'Gorgo Rock Belt, Leical Falls'),(55,'Bazaar Farmland',2,'Valencia','Worker Node',7,'Sand Grain Bazaar, Western Plateau Of Valencia'),(56,'Beacon Entrance Post',3,'Calpheon','Connection Node',NULL,'Trina Beacon Mounds, Oberen Farm, Marni Cave Path'),(57,'Behr',1,'Calpheon','Connection Node',NULL,'Longleaf Tree Forest, Behr Downstream'),(58,'Behr Downstream',3,'Calpheon','Connection Node',NULL,'Behr Riverhead, Phoniel\'s Cabin Entrance, Behr, Rhua Tree Stub, Saunil Battlefield'),(59,'Behr Riverhead',1,'Calpheon','Worker Node',0,'Phoniel\'s Cabin, Behr Downstream'),(60,'Beiruwa Island',1,'Mediah','Worker Node',1,'Taramura Island, Paratama Island'),(61,'Bernianto Farm',2,'Calpheon','Worker Node',0,'Anti-Troll Fortification, Bree Tree Ruins, Northern Wheat Plantation'),(62,'Biraghi Den',3,'Serendia','Connection Node',NULL,'Northern Plain Of Serendia, Bandit\'s Den Byway, Delphe Knights Castle'),(63,'Blood Wolf Town',3,'Drieghan','Connection Node',NULL,'Night Crow Post'),(64,'Bloody Monastery',1,'Serendia','Connection Node',NULL,'Southwestern Gateway'),(65,'Boa Island',1,'Valencia','Connection Node',NULL,'Orisha Island, Rosevan Island'),(66,'Bradie Fortress',1,'Serendia','Connection Node',NULL,'Orc Camp, Northern Plain Of Serendia, Oze Pass'),(67,'Bree Tree Ruins',1,'Calpheon','Worker Node',0,'Caphras Cave, Bernianto Farm'),(68,'Cadry Ruins',1,'Valencia','Connection Node',NULL,'Kunid\'s Vacation Spot, Veteran\'s Canyon, Deserted City of Runn'),(69,'Caduil Forest',1,'Kamasylvia','Connection Node',NULL,'Old Wisdom Tree, Manshaum Forest, Atanis Pond'),(70,'Calpheon',0,'Calpheon','Town Node',NULL,'Oberen Farm, Falres Dirt Farm, Dias Farm, Contaminated Farm, Abandoned Land, Gabino Farm'),(71,'Calpheon Castle',3,'Calpheon','Connection Node',NULL,'Calpheon Castle Site'),(72,'Calpheon Castle Site',1,'Calpheon','Connection Node',NULL,'North Kaia Ferry, Catfishman Camp, Calpheon Castle'),(73,'Calpheon Castle Western Forest',1,'Calpheon','Connection Node',NULL,'Catfishman Camp, Mansha Forest'),(74,'Cantusa Desert',2,'Valencia','Connection Node',NULL,'Muiquun, Pila Ku Jail, Dona Rocky Mountain, Central Cantusa'),(75,'Canyon Of Corruption',1,'Mediah','Connection Node',NULL,'Elric Shrine, Shuri Farm, Ancient Ruins Excavation Site, Stonetail Wasteland'),(76,'Caphras Cave',1,'Calpheon','Connection Node',NULL,'Florin, Bree Tree Ruins'),(77,'Capotia',1,'Valencia','Worker Node',7,'Sand Grain Bazaar, Barhan Gateway'),(78,'Casta Farm',1,'Balenos','Worker Node',0,'Olvia, Olvia Coast, Wolf Hills'),(79,'Castle Ruins',1,'Serendia','Worker Node',0,'Eastern Gateway, Kamasylve Temple, Soldier\'s Grave'),(80,'Catfishman Camp',1,'Calpheon','Connection Node',NULL,'Calpheon Castle Western Forest, Mansha Forest, Lake Kaia, Calpheon Castle Site'),(81,'Central Cantusa',1,'Valencia','Connection Node',NULL,'Arehaza, Cantusa Desert'),(82,'Central Guard Camp',3,'Serendia','Connection Node',NULL,'Glish, Costa Farm, Northern Cienaga, Glish Ruins'),(83,'Central Lemoria Camp',1,'Kamasylvia','Connection Node',NULL,'Manshaum Forest, Holo Forest, White Wood Forest, Navarn Steppe'),(84,'Closed Western Gateway',3,'Calpheon','Connection Node',NULL,'Gianin Farm, Southern Neutral Zone'),(85,'Coastal Cave',1,'Balenos','Worker Node',0,'Velia, Coastal Cliff'),(86,'Coastal Cliff',1,'Balenos','Worker Node',0,'Balenos River Mouth, Coastal Cave, Western Gateway'),(87,'Cohen Farm',2,'Calpheon','Connection Node',NULL,'Abandoned Land, Isolated Sentry Post'),(88,'Contaminated Farm',2,'Calpheon','Connection Node',NULL,'Calpheon, Anti-Troll Fortification'),(89,'Costa Farm',2,'Serendia','Worker Node',0,'Central Guard Camp, Heidel'),(90,'Crescent Mountains',3,'Valencia','Worker Node',1,'Western Plateau Of Valencia, Akman, Crescent Shrine'),(91,'Crescent Shrine',1,'Valencia','Worker Node',1,'Crescent Mountains'),(92,'Crioville',2,'Calpheon','Connection Node',NULL,'Longleaf Tree Forest, Longleaf Tree Sentry Post'),(93,'Cron Castle',2,'Balenos','Connection Node',NULL,'Cron Castle Site'),(94,'Cron Castle Site',1,'Balenos','Worker Node',0,'Cron Castle, Ehwaz Hill, Mediah Northern Gateway'),(95,'Dane Canyon',2,'Calpheon','Connection Node',NULL,'Gehaku Plain, Saunil Camp'),(96,'Daton Island',1,'Calpheon','Worker Node',1,'Oben Island, Ginburrey Island, Teste Island'),(97,'Delinghart Island',1,'Mediah','Worker Node',1,'Pujara Island, Pilava Island'),(98,'Delphe Knights Castle',3,'Calpheon','Connection Node',NULL,'Oze Pass, Biraghi Den, Delphe Outpost, Dias Farm'),(99,'Delphe Outpost',3,'Calpheon','Connection Node',NULL,'Karanda Ridge, Delphe Knights Castle, Old Dandelion'),(100,'Derko Island',5,'Valencia','Connection Node',NULL,'Kashuma Island, Ancado'),(101,'Desert Naga Temple',3,'Valencia','Connection Node',NULL,'Sand Grain Bazaar'),(102,'Dias Farm',2,'Calpheon','Connection Node',NULL,'Delphe Knights Castle, Northern Wheat Plantation, Calpheon, Falres Dirt Farm'),(103,'Dona Rocky Mountain',1,'Valencia','Connection Node',NULL,'Cantusa Desert'),(104,'Dormann Lumber Camp',2,'Drieghan','Worker Node',1,'Gervish Mountains'),(105,'Duch Island',1,'Balenos','Connection Node',NULL,'Eveto Island, Luivano Island'),(106,'Dunde Island',1,'Calpheon','Connection Node',NULL,'Eberdeen Island'),(107,'Duvencrune',0,'Drieghan','Town Node',NULL,'Duvencrune Farmland, Marak Farm, Night Crow Post, Morning Fog Post'),(108,'Duvencrune Farmland',1,'Drieghan','Worker Node',1,'Duvencrune'),(109,'Eastern Border',3,'Serendia','Connection Node',NULL,'Heidel, Kamasylve Temple, Rumbling Land'),(110,'Eastern Gateway',3,'Serendia','Connection Node',NULL,'Moretti Plantation, Northern Cienaga, Southern Guard Camp, Castle Ruins'),(111,'Eberdeen Island',1,'Calpheon','Connection Node',NULL,'Dunde Island, Oben Island, Albresser Island'),(112,'Ehwaz Hill',1,'Balenos','Worker Node',0,'Finto Farm, Cron Castle Site, Forest Of Plunder'),(113,'Elders Bridge',1,'Balenos','Connection Node',NULL,'Foot Of Thermian Mountain, Epheria Ridge, Elder\'s Bridge Post, Florin Gateway'),(114,'Elder\'s Bridge Post',3,'Balenos','Connection Node',NULL,'Elders Bridge, Anti-Troll Fortification'),(115,'Elric Shrine',1,'Mediah','Worker Node',0,'Mediah Northern Highlands, Canyon Of Corruption'),(116,'Ephde Rune Island',1,'Balenos','Worker Node',0,'Luivano Island'),(117,'Epheria Ridge',1,'Balenos','Connection Node',NULL,'Port Epheria, Elders Bridge'),(118,'Epheria Sentry Post',3,'Calpheon','Connection Node',NULL,'Port Epheria, Epheria Valley'),(119,'Epheria Valley',1,'Calpheon','Connection Node',NULL,'Epheria Sentry Post, Isolated Sentry Post'),(120,'Erdal Farm',2,'Valencia','Worker Node',1,'Valencia Plantation'),(121,'Esfah Island',1,'Valencia','Connection Node',NULL,'Tigris Island, Riyed Island'),(122,'Eveto Island',1,'Balenos','Connection Node',NULL,'Balvege Island, Duch Island'),(123,'Falres Dirt Farm',2,'Calpheon','Connection Node',NULL,'Calpheon, Marni Farm Ruins, Marni Cave Path, Dias Farm'),(124,'Finto Farm',2,'Balenos','Worker Node',0,'Ehwaz Hill, Velia'),(125,'Florin',1,'Calpheon','Connection Node',NULL,'Caphras Cave, Mask Owl\'s Forest, Khuruto Cave'),(126,'Florin Gateway',3,'Balenos','Connection Node',NULL,'Mask Owl\'s Forest, Elders Bridge, Thermian Cliff'),(127,'Fohalam Farm',2,'Valencia','Worker Node',1,'Valencia Plantation'),(128,'Foot Of Thermian Mountain',1,'Balenos','Connection Node',NULL,'Elders Bridge'),(129,'Forest Of Plunder',1,'Balenos','Worker Node',0,'Velia, Ehwaz Hill, Goblin Cave, Heidel Pass'),(130,'Forest Of Seclusion',2,'Balenos','Worker Node',0,'Ancient Stone Chamber, Toscani Farm, Bandit\'s Den Byway'),(131,'Forgotten Gateway',1,'Drieghan','Connection Node',NULL,'Khimut Lumber Camp'),(132,'Fountain Of Origin',2,'Drieghan','Worker Node',1,'Witch\'s Chapel, Sherekhan Necropolis'),(133,'Gabino Farm',2,'Calpheon','Connection Node',NULL,'North Kaia Mountaintop, North Kaia Ferry, Calpheon'),(134,'Gahaz Bandit\'s Lair',1,'Valencia','Connection Node',NULL,'Bambu Valley, Yalt Canyon'),(135,'Garmoth\'s Nest',2,'Drieghan','Connection Node',NULL,'Night Crow Post, Gervish Mountains, Windy Peak'),(136,'Gavinya Coastal Cliff',1,'Valencia','Worker Node',1,'Gavinya Great Crator, Hakoven Island'),(137,'Gavinya Great Crator',2,'Valencia','Worker Node',1,'Ivory Wasteland, Roud Sulfur Works, Gavinya Volcano Zone, Gavinya Coastal Cliff'),(138,'Gavinya Volcano Zone',3,'Valencia','Worker Node',1,'Gavinya Great Crator, Northern Sand Dune'),(139,'Gayak Altar',1,'Drieghan','Connection Node',NULL,'Marcha Outpost, Morning Fog Post'),(140,'Gehaku Plain',1,'Calpheon','Connection Node',NULL,'Primal Giant Post, Abandoned Quarry, Gianin Farm, Dane Canyon'),(141,'Gervish Mountains',1,'Drieghan','Worker Node',1,'Garmoth\'s Nest, Dormann Lumber Camp'),(142,'Gianin Farm',2,'Calpheon','Connection Node',NULL,'Closed Western Gateway, Keplan Hill, Gehaku Plain'),(143,'Ginburrey Island',1,'Calpheon','Connection Node',NULL,'Daton Island, Modric Island'),(144,'Glish',0,'Serendia','Town Node',NULL,'Northwestern Gateway, Southwestern Gateway, Southern Cienaga, Central Guard Camp, Glish Swamp'),(145,'Glish Ruins',1,'Serendia','Worker Node',0,'Southern Guard Camp, Central Guard Camp'),(146,'Glish Swamp',1,'Serendia','Worker Node',0,'Glish'),(147,'Glutoni Cave',1,'Calpheon','Worker Node',1,'Marni\'s Lab'),(148,'Goblin Cave',2,'Balenos','Worker Node',0,'Forest Of Plunder'),(149,'Gorgo Rock Belt',1,'Valencia','Worker Node',1,'Rock Post, Basilisk Den'),(150,'Grana',0,'Kamasylvia','Town Node',NULL,'Lake Flondor, Okiara River, Southern Kamasylvia, Acher Southern Camp, Polly\'s Forest'),(151,'Gyfin Rhasia Temple',3,'Kamasylvia','Connection Node',NULL,'Southern Kamasylvia'),(152,'Hakoven Island',1,'Valencia','Connection Node',NULL,'Gavinya Coastal Cliff'),(153,'Halmad Island',1,'Valencia','Connection Node',NULL,'Shirna Island, Orisha Island, Kashuma Island'),(154,'Haraks Shelter',1,'Drieghan','Connection Node',NULL,'Morning Fog Post, Sherekhan Necropolis'),(155,'Hasrah Cliff',1,'Mediah','Connection Node',NULL,'Tungrad Forest, Khimut Lumber Camp'),(156,'Heidel',0,'Serendia','Town Node',NULL,'Northern Guard Camp, Lynch Farm Ruins, Costa Farm, Moretti Plantation, Eastern Border'),(157,'Heidel Pass',3,'Balenos','Connection Node',NULL,'Balenos Forest, Forest Of Plunder, Northern Guard Camp'),(158,'Helms Post',1,'Mediah','Connection Node',NULL,'Ancient Fissure, Mediah Northern Highlands'),(159,'Hexe Sanctuary',2,'Calpheon','Connection Node',NULL,'Witch\'s Chapel, Rhua Tree Stub'),(160,'Hexe Stone Wall',1,'Calpheon','Worker Node',1,'Primal Giant Post, Marie Cave'),(161,'Highland Junction',1,'Mediah','Connection Node',NULL,'Asula Highland, Altinova Entrance, Abandoned Iron Mine Entrance'),(162,'Holo Forest',2,'Kamasylvia','Worker Node',1,'Mirumok Ruins, Central Lemoria Camp, White Wood Forest'),(163,'Hope Pier',1,'Valencia','Connection Node',NULL,'Shakatu'),(164,'Ibellab Oasis',3,'Valencia','Connection Node',NULL,'Pilgrim\'s Haven'),(165,'Iliya Island',0,'Balenos','Town Node',NULL,'Pujara Island, Ostra Island, Arakil Island, Shasha Island'),(166,'Imp Cave',1,'Balenos','Worker Node',0,'Loggia Farm, Altar Of Agris, Western Guard Camp'),(167,'Invernen Island',1,'Balenos','Worker Node',0,'Tulu Island, Narvo Island'),(168,'Iris Canyon',1,'Valencia','Worker Node',1,'Bambu Valley, Kmach Canyon'),(169,'Isolated Sentry Post',3,'Calpheon','Connection Node',NULL,'Epheria Valley, Quint Hill, Anti-Troll Fortification, Abandoned Land, Cohen Farm'),(170,'Ivero Cliff',1,'Valencia','Worker Node',1,'Ivory Wasteland'),(171,'Ivory Wasteland',1,'Valencia','Connection Node',NULL,'Ivero Cliff, Altas Farmland, Gavinya Great Crator'),(172,'Kamasylve Temple',2,'Mediah','Worker Node',0,'Eastern Border, Ancient Ruins Excavation Site, Ahto Farm, Castle Ruins'),(173,'Kamasylvia Vicinity',2,'Kamasylvia','Connection Node',NULL,'Longleaf Tree Forest, Lemoria Guard Post'),(174,'Kanvera Island',1,'Balenos','Connection Node',NULL,'Arakil Island, Weita Island'),(175,'Karanda Ridge',1,'Calpheon','Worker Node',0,'Delphe Outpost'),(176,'Kashuma Island',1,'Valencia','Connection Node',NULL,'Halmad Island, Derko Island'),(177,'Kasula Farm',2,'Mediah','Worker Node',0,'Tarif, Wandering Rogue Den, Asula Highland'),(178,'Keplan',0,'Calpheon','Town Node',NULL,'Keplan Hill, Keplan Quarry, Tarte Rock Fork, Keplan Vicinity'),(179,'Keplan Hill',1,'Calpheon','Connection Node',NULL,'Keplan, Gianin Farm'),(180,'Keplan Quarry',1,'Calpheon','Worker Node',0,'Keplan, North Abandoned Quarry'),(181,'Keplan Vicinity',1,'Calpheon','Connection Node',NULL,'Southern Neutral Zone, Keplan, Quarry Byway'),(182,'Khalk Canyon',1,'Drieghan','Worker Node',1,'Marcha Outpost, Ahib Conflict Zone, Sherekhan Necropolis'),(183,'Khimut Lumber Camp',2,'Drieghan','Worker Node',1,'Serendia Shrine, Tshira Ruins, Forgotten Gateway, Hasrah Cliff'),(184,'Khuruto Cave',1,'Calpheon','Worker Node',0,'Old Dandelion, Florin'),(185,'Kisleev Crag',1,'Valencia','Connection Node',NULL,'Leical Falls'),(186,'Kmach Canyon',1,'Valencia','Worker Node',1,'Ancado Coast, Iris Canyon'),(187,'Krogdalo Trace',2,'Kamasylvia','Connection Node',NULL,'Looney Cabin, Polly\'s Forest, Weenie Cabin'),(188,'Kuit Islands',3,'Calpheon','Connection Node',NULL,'Almai Island, Padix Island'),(189,'Kunid\'s Vacation Spot',1,'Valencia','Worker Node',1,'Cadry Ruins'),(190,'Kusha',1,'Mediah','Connection Node',NULL,'Stonetail Wasteland, Sarma Outpost, Mediah Shore'),(191,'Lake Flondor',3,'Kamasylvia','Worker Node',1,'White Wood Forest, Grana'),(192,'Lake Kaia',1,'Calpheon','Connection Node',NULL,'Catfishman Camp'),(193,'Leical Falls',1,'Valencia','Worker Node',1,'Kisleev Crag, Basilisk Den, Sokota Island'),(194,'Lema Island',1,'Balenos','Connection Node',NULL,'Orffs Island, Tashu Island, Port Ratt'),(195,'Lemoria Beacon Mounds',1,'Kamasylvia','Connection Node',NULL,'Shady Tree Forest'),(196,'Lemoria Guard Post',2,'Kamasylvia','Connection Node',NULL,'Kamasylvia Vicinity, Atanis Pond, Ahib Conflict Zone'),(197,'Lerao Island',1,'Balenos','Connection Node',NULL,'Tinberra Island, Portanen Island'),(198,'Lisz Island',1,'Balenos','Worker Node',0,'Louruve Island, Arita Island'),(199,'Loggia Farm',2,'Balenos','Worker Node',0,'Imp Cave, Velia'),(200,'Longleaf Tree Forest',1,'Calpheon','Worker Node',0,'Crioville, Behr, Kamasylvia Vicinity'),(201,'Longleaf Tree Sentry Post',2,'Calpheon','Worker Node',0,'Crioville, Trent'),(202,'Looney Cabin',1,'Kamasylvia','Worker Node',1,'Krogdalo Trace'),(203,'Loopy Tree Forest',2,'Kamasylvia','Worker Node',1,'Acher Western Camp, Tooth Fairy Forest, Acher Guard Post, Ash Forest'),(204,'Louruve Island',1,'Balenos','Worker Node',0,'Staren Island, Lisz Island, Marka Island'),(205,'Luivano Island',1,'Balenos','Worker Node',0,'Duch Island, Mariveno Island, Ephde Rune Island, Velia, Paratama Island'),(206,'Lumberjack\'s Rest Area',1,'Calpheon','Worker Node',0,'Trent, Abandoned Monastery'),(207,'Lynch Farm Ruins',1,'Serendia','Worker Node',0,'Northern Plain Of Serendia, Northwestern Gateway, Heidel, Alejandro Farm'),(208,'Lynch Ranch',2,'Serendia','Worker Node',0,'Northern Plain Of Serendia'),(209,'Manes Hideout',1,'Mediah','Connection Node',NULL,'Ahto Farm, Tarif'),(210,'Mansha Forest',2,'Calpheon','Worker Node',0,'Tobare\'s Cabin, Catfishman Camp, Calpheon Castle Western Forest'),(211,'Manshaum Forest',3,'Kamasylvia','Connection Node',NULL,'Caduil Forest, Central Lemoria Camp'),(212,'Marak Farm',2,'Drieghan','Worker Node',1,'Duvencrune'),(213,'Marcha Outpost',3,'Drieghan','Connection Node',NULL,'Khalk Canyon, Gayak Altar'),(214,'Marie Cave',1,'Calpheon','Worker Node',1,'Witch\'s Chapel, Hexe Stone Wall'),(215,'Marino Farm',2,'Balenos','Connection Node',NULL,'Bartali Farm'),(216,'Mariul Island',1,'Margoria','Connection Node',NULL,'Port Ratt, Nada Island'),(217,'Mariveno Island',1,'Balenos','Worker Node',0,'Luivano Island'),(218,'Marka Island',1,'Balenos','Connection Node',NULL,'Louruve Island, Angie Island'),(219,'Marlene Island',1,'Balenos','Connection Node',NULL,'Balvege Island'),(220,'Marni Cave Path',3,'Calpheon','Connection Node',NULL,'Beacon Entrance Post, Marni\'s Lab, North Abandoned Quarry, Marni Farm Ruins, Falres Dirt Farm'),(221,'Marni Farm Ruins',1,'Calpheon','Connection Node',NULL,'Oze Pass, Marni Cave Path, Falres Dirt Farm'),(222,'Marni\'s 2nd Lab',2,'Mediah','Worker Node',1,'Abun, Abandoned Iron Mine Saunil District'),(223,'Marni\'s Lab',1,'Calpheon','Connection Node',NULL,'Marni Cave Path, Glutoni Cave'),(224,'Mask Owl\'s Forest',1,'Balenos','Connection Node',NULL,'Florin Gateway, Florin'),(225,'Mediah Castle',1,'Mediah','Connection Node',NULL,'Sarma Outpost'),(226,'Mediah Northern Gateway',3,'Mediah','Connection Node',NULL,'The Mausoleum, Cron Castle Site'),(227,'Mediah Northern Highlands',2,'Mediah','Worker Node',0,'The Mausoleum, Sausan Garrison, Elric Shrine, Helms Post'),(228,'Mediah Shore',1,'Mediah','Worker Node',0,'Shuri Farm, Kusha, Omar Lava Cave'),(229,'Mirumok Ruins',3,'Kamasylvia','Connection Node',NULL,'Western Valtarra Mountains, Holo Forest'),(230,'Modric Island',1,'Calpheon','Worker Node',1,'Baeza Island, Theonil Island, Ginburrey Island'),(231,'Moretti Plantation',2,'Serendia','Worker Node',0,'Heidel, Northern Cienaga, Eastern Gateway'),(232,'Morning Fog Post',1,'Drieghan','Connection Node',NULL,'Windy Peak, Haraks Shelter, Duvencrune, Gayak Altar'),(233,'Muiquun',0,'Valencia','Town Node',NULL,'Cantusa Desert, Titium Valley'),(234,'Nada Island',3,'Margoria','Worker Node',1,'Mariul Island, Zagam Island'),(235,'Narvo Island',1,'Balenos','Connection Node',NULL,'Arita Island, Invernen Island'),(236,'Navarn Steppe',3,'Kamasylvia','Connection Node',NULL,'Shady Tree Forest, Central Lemoria Camp'),(237,'Netnume Island',1,'Calpheon','Connection Node',NULL,'Oben Island'),(238,'Night Crow Post',2,'Drieghan','Connection Node',NULL,'Garmoth\'s Nest, Blood Wolf Town, Tshira Ruins, Duvencrune'),(239,'North Abandoned Quarry',1,'Calpheon','Connection Node',NULL,'Oze\'s House, Keplan Quarry, Marni Cave Path'),(240,'North Kaia Ferry',3,'Calpheon','Connection Node',NULL,'Calpheon Castle Site, Gabino Farm, South Kaia Ferry'),(241,'North Kaia Mountaintop',1,'Calpheon','Connection Node',NULL,'Phoniel\'s Cabin, Gabino Farm'),(242,'Northern Cienaga',2,'Serendia','Worker Node',0,'Eastern Gateway, Moretti Plantation, Central Guard Camp'),(243,'Northern Guard Camp',3,'Serendia','Connection Node',NULL,'Heidel, Heidel Pass, Alejandro Farm, Northern Heidel Quarry'),(244,'Northern Heidel Quarry',1,'Serendia','Worker Node',0,'Northern Guard Camp'),(245,'Northern Plain Of Serendia',1,'Serendia','Worker Node',0,'Lynch Ranch, Lynch Farm Ruins, Bradie Fortress, Biraghi Den'),(246,'Northern Sand Dune',1,'Valencia','Worker Node',1,'Arehaza, Gavinya Volcano Zone'),(247,'Northern Wheat Plantation',2,'Calpheon','Worker Node',0,'Dias Farm, Old Dandelion, Bernianto Farm'),(248,'Northwestern Gateway',3,'Serendia','Connection Node',NULL,'Glish, Southwestern Gateway, Orc Camp, Lynch Farm Ruins'),(249,'Oben Island',1,'Calpheon','Worker Node',1,'Daton Island, Netnume Island, Eberdeen Island'),(250,'Oberen Farm',2,'Calpheon','Connection Node',NULL,'Beacon Entrance Post, Calpheon, Bain Farmland'),(251,'Okiara River',1,'Kamasylvia','Connection Node',NULL,'Grana'),(252,'Old Dandelion',1,'Calpheon','Worker Node',0,'Northern Wheat Plantation, Khuruto Cave, Delphe Outpost'),(253,'Old Wisdom Tree',0,'Kamasylvia','Town Node',NULL,'Shady Tree Forest, Caduil Forest'),(254,'Olvia',0,'Balenos','Town Node',NULL,'Wale Farm, Casta Farm'),(255,'Olvia Coast',1,'Balenos','Connection Node',NULL,'Balenos River Mouth, Casta Farm'),(256,'Omar Lava Cave',2,'Mediah','Worker Node',0,'Asula Highland, Awakening Bell, Stonebeak Shore, Mediah Shore'),(257,'Orc Camp',3,'Serendia','Connection Node',NULL,'Watchtower, Quarry Byway, Bradie Fortress, Northwestern Gateway'),(258,'Orffs Island',1,'Balenos','Worker Node',0,'Lema Island, Tulu Island, Baremi Island'),(259,'Orisha Island',1,'Valencia','Connection Node',NULL,'Boa Island, Shirna Island, Halmad Island'),(260,'Ostra Island',1,'Mediah','Connection Node',NULL,'Taramura Island, Iliya Island'),(261,'Oze Pass',1,'Calpheon','Worker Node',0,'Oze\'s House, Bradie Fortress, Marni Farm Ruins, Delphe Knights Castle, Quarry Byway'),(262,'Oze\'s House',1,'Calpheon','Connection Node',NULL,'North Abandoned Quarry, Oze Pass'),(263,'Padix Island',1,'Calpheon','Connection Node',NULL,'Albresser Island, Teste Island, Arita Island, Kuit Islands'),(264,'Paratama Island',1,'Balenos','Worker Node',0,'Weita Island, Luivano Island, Beiruwa Island'),(265,'Phoniel\'s Cabin',2,'Calpheon','Worker Node',0,'Rhutum Sentry Post, Behr Riverhead, Phoniel\'s Cabin Entrance, North Kaia Mountaintop'),(266,'Phoniel\'s Cabin Entrance',1,'Calpheon','Connection Node',NULL,'Behr Downstream, Phoniel\'s Cabin, Bain Farmland'),(267,'Pila Fe',1,'Valencia','Connection Node',NULL,'Taphtar Plain'),(268,'Pila Ku Jail',3,'Valencia','Connection Node',NULL,'Cantusa Desert'),(269,'Pilava Island',1,'Mediah','Worker Node',1,'Sausan Garrison Wharf, Delinghart Island'),(270,'Pilgrim\'s Haven',3,'Valencia','Worker Node',7,'Sand Grain Bazaar, Ibellab Oasis'),(271,'Pilgrim\'s Sanctum: Abstinence',3,'Valencia','Connection Node',NULL,'Pilgrim\'s Sanctum: Sharing, Pilgrim\'s Sanctum: Obedience'),(272,'Pilgrim\'s Sanctum: Fast',3,'Valencia','Connection Node',NULL,'Pilgrim\'s Sanctum: Purity'),(273,'Pilgrim\'s Sanctum: Humility',3,'Valencia','Worker Node',1,'Pilgrim\'s Sanctum: Sincerity, Akman, Pilgrim\'s Sanctum: Purity, Titium Valley'),(274,'Pilgrim\'s Sanctum: Obedience',3,'Valencia','Connection Node',NULL,'Pilgrim\'s Sanctum: Abstinence, Ancado Coast'),(275,'Pilgrim\'s Sanctum: Purity',3,'Valencia','Connection Node',NULL,'Pilgrim\'s Sanctum: Fast, Pilgrim\'s Sanctum: Humility, Titium Valley'),(276,'Pilgrim\'s Sanctum: Sharing',3,'Valencia','Connection Node',NULL,'Pilgrim\'s Sanctum: Sincerity, Pilgrim\'s Sanctum: Abstinence'),(277,'Pilgrim\'s Sanctum: Sincerity',3,'Valencia','Connection Node',NULL,'Akman, Pilgrim\'s Sanctum: Humility, Pilgrim\'s Sanctum: Sharing'),(278,'Polly\'s Forest',2,'Kamasylvia','Worker Node',1,'Grana, Krogdalo Trace'),(279,'Port Epheria',0,'Calpheon','Town Node',NULL,'Epheria Sentry Post, Epheria Ridge, Serca Island'),(280,'Port Ratt',0,'Margoria','Town Node',NULL,'Lema Island, Mariul Island'),(281,'Portanen Island',1,'Balenos','Connection Node',NULL,'Lerao Island, Rosevan Island'),(282,'Primal Giant Post',1,'Calpheon','Worker Node',1,'Gehaku Plain, Hexe Stone Wall'),(283,'Pujara Island',1,'Balenos','Worker Node',0,'Iliya Island, Delinghart Island'),(284,'Pujiya Canyon',3,'Valencia','Worker Node',1,'Taphtar Plain, Bashim Base'),(285,'Quarry Byway',2,'Calpheon','Connection Node',NULL,'Oze Pass, Keplan Vicinity, Orc Camp'),(286,'Quint Hill',1,'Calpheon','Worker Node',0,'Isolated Sentry Post'),(287,'Racid Island',1,'Balenos','Connection Node',NULL,'Al-Naha Island, Tinberra Island'),(288,'Rakshan Observatory',3,'Valencia','Connection Node',NULL,'Ancado, Valencia'),(289,'Rameda Island',1,'Calpheon','Connection Node',NULL,'Theonil Island'),(290,'Randis Island',1,'Calpheon','Worker Node',1,'Serca Island, Baeza Island, Barater Island'),(291,'Rhua Tree Stub',1,'Calpheon','Worker Node',1,'Behr Downstream, Saunil Battlefield, Hexe Sanctuary'),(292,'Rhutum Outstation',1,'Calpheon','Worker Node',0,'Rhutum Sentry Post, Tobare\'s Cabin'),(293,'Rhutum Sentry Post',3,'Calpheon','Connection Node',NULL,'South Kaia Ferry, Phoniel\'s Cabin, Rhutum Outstation'),(294,'Riyed Island',1,'Valencia','Connection Node',NULL,'Esfah Island, Sokota Island'),(295,'Rock Post',3,'Valencia','Connection Node',NULL,'Altinova Gateway, Gorgo Rock Belt, Veteran\'s Canyon'),(296,'Rosevan Island',1,'Balenos','Connection Node',NULL,'Shasha Island, Portanen Island, Boa Island'),(297,'Roud Sulfur Works',2,'Valencia','Worker Node',1,'Gavinya Great Crator'),(298,'Deserted City of Runn',1,'Valencia','Connection Node',NULL,'Runn Gateway Intersection, Cadry Ruins'),(299,'Rumbling Land',1,'Mediah','Connection Node',NULL,'Ancient Fissure, Eastern Border'),(300,'Runn Gateway Intersection',3,'Valencia','Connection Node',NULL,'Deserted City of Runn, Shakatu'),(301,'Sand Grain Bazaar',0,'Valencia','Town Node',NULL,'Bazaar Farmland, Capotia, Desert Naga Temple, Pilgrim\'s Haven'),(302,'Sarma Outpost',1,'Mediah','Connection Node',NULL,'Mediah Castle, Kusha, Sausan Garrison'),(303,'Saunil Battlefield',1,'Calpheon','Connection Node',NULL,'Behr Downstream, Rhua Tree Stub, Saunil Camp, Trina Fort'),(304,'Saunil Camp',1,'Calpheon','Connection Node',NULL,'Saunil Battlefield, Dane Canyon'),(305,'Sausan Garrison',1,'Mediah','Connection Node',NULL,'Sausan Garrison Wharf, Sarma Outpost, Stonetail Wasteland, Mediah Northern Highlands'),(306,'Sausan Garrison Wharf',1,'Mediah','Connection Node',NULL,'Sausan Garrison, Pilava Island'),(307,'Scarlet Sand Chamber',1,'Valencia','Connection Node',NULL,'Taphtar Plain'),(308,'Serca Island',1,'Calpheon','Worker Node',1,'Port Epheria, Randis Island'),(309,'Serendia Shrine',1,'Serendia','Worker Node',0,'Southern Guard Camp, Khimut Lumber Camp'),(310,'Shady Tree Forest',1,'Kamasylvia','Worker Node',1,'Old Wisdom Tree, Navarn Steppe, Lemoria Beacon Mounds'),(311,'Shakatu',0,'Valencia','Town Node',NULL,'Shakatu Farmland, Hope Pier, Shakatu Abandoned Pier, Yalt Canyon, Runn Gateway Intersection'),(312,'Shakatu Abandoned Pier',2,'Valencia','Connection Node',NULL,'Shakatu'),(313,'Shakatu Farmland',2,'Valencia','Worker Node',1,'Shakatu'),(314,'Shasha Island',1,'Balenos','Connection Node',NULL,'Rosevan Island, Iliya Island'),(315,'Sherekhan Necropolis',3,'Drieghan','Worker Node',1,'Fountain Of Origin, Khalk Canyon, Haraks Shelter'),(316,'Shirna Island',1,'Valencia','Connection Node',NULL,'Halmad Island, Orisha Island, Tigris Island'),(317,'Shuri Farm',2,'Mediah','Worker Node',0,'Canyon Of Corruption, Mediah Shore, Stonetail Horse Ranch'),(318,'Sokota Island',1,'Valencia','Connection Node',NULL,'Leical Falls, Riyed Island'),(319,'Soldier\'s Grave',1,'Mediah','Connection Node',NULL,'Tungrad Forest, Castle Ruins, Tarif'),(320,'South Kaia Ferry',3,'Calpheon','Connection Node',NULL,'North Kaia Ferry, Rhutum Sentry Post'),(321,'Southern Cienaga',1,'Serendia','Worker Node',0,'Southern Guard Camp, Glish'),(322,'Southern Guard Camp',3,'Serendia','Connection Node',NULL,'Glish Ruins, Southern Cienaga, Eastern Gateway, Serendia Shrine'),(323,'Southern Kamasylvia',2,'Kamasylvia','Worker Node',1,'Gyfin Rhasia Temple, Grana'),(324,'Southern Neutral Zone',3,'Serendia','Connection Node',NULL,'Keplan Vicinity, Closed Western Gateway, Southwestern Gateway, Watchtower'),(325,'Southwestern Gateway',3,'Serendia','Connection Node',NULL,'Glish, Bloody Monastery, Southern Neutral Zone, Northwestern Gateway'),(326,'Splashing Point',1,'Mediah','Connection Node',NULL,'Alumn Rock Valley'),(327,'Staren Island',1,'Balenos','Worker Node',0,'Albresser Island, Louruve Island'),(328,'Stonebeak Shore',1,'Mediah','Connection Node',NULL,'Omar Lava Cave, Altinova Entrance'),(329,'Stonetail Horse Ranch',1,'Mediah','Connection Node',NULL,'Shuri Farm, Ahto Farm, Asula Highland'),(330,'Stonetail Wasteland',1,'Mediah','Worker Node',0,'Kusha, Sausan Garrison, Canyon Of Corruption'),(331,'Taphtar Plain',1,'Valencia','Connection Node',NULL,'Veteran\'s Canyon, Pila Fe, Barhan Gateway, Pujiya Canyon, Scarlet Sand Chamber'),(332,'Taramura Island',1,'Mediah','Worker Node',1,'Ostra Island, Beiruwa Island'),(333,'Tarif',0,'Mediah','Town Node',NULL,'Kasula Farm, Manes Hideout, Soldier\'s Grave'),(334,'Tarte Rock Fork',1,'Calpheon','Connection Node',NULL,'Trina Fort, Abandoned Quarry, Keplan'),(335,'Tashu Island',1,'Balenos','Connection Node',NULL,'Lema Island, Arita Island'),(336,'Teste Island',1,'Calpheon','Connection Node',NULL,'Daton Island, Padix Island'),(337,'Teyamal Island',1,'Calpheon','Worker Node',1,'Theonil Island'),(338,'The Mausoleum',1,'Mediah','Connection Node',NULL,'Mediah Northern Gateway, Mediah Northern Highlands'),(339,'Theonil Island',1,'Calpheon','Connection Node',NULL,'Modric Island, Teyamal Island, Rameda Island'),(340,'Thermian Cliff',1,'Balenos','Worker Node',1,'Florin Gateway, Wale Farm'),(341,'Tigris Island',1,'Valencia','Connection Node',NULL,'Shirna Island, Esfah Island'),(342,'Tinberra Island',1,'Balenos','Connection Node',NULL,'Racid Island, Lerao Island'),(343,'Titium Valley',3,'Valencia','Worker Node',1,'Muiquun, Pilgrim\'s Sanctum: Humility, Pilgrim\'s Sanctum: Purity'),(344,'Tobare\'s Cabin',2,'Calpheon','Connection Node',NULL,'Rhutum Outstation, Mansha Forest, Abandoned Monastery'),(345,'Tooth Fairy Cabin',2,'Kamasylvia','Connection Node',NULL,'Tooth Fairy Forest'),(346,'Tooth Fairy Forest',3,'Kamasylvia','Worker Node',1,'Loopy Tree Forest, Tooth Fairy Cabin, White Wood Forest'),(347,'Toscani Farm',2,'Balenos','Worker Node',0,'Forest Of Seclusion, Western Guard Camp, Bartali Farm'),(348,'Treant Forest',1,'Calpheon','Worker Node',0,'Abandoned Monastery'),(349,'Trent',0,'Calpheon','Town Node',NULL,'Lumberjack\'s Rest Area, Longleaf Tree Sentry Post'),(350,'Trina Beacon Mounds',3,'Calpheon','Connection Node',NULL,'Beacon Entrance Post, Trina Fort'),(351,'Trina Fort',3,'Calpheon','Connection Node',NULL,'Tarte Rock Fork, Trina Beacon Mounds, Saunil Battlefield'),(352,'Tshira Ruins',2,'Drieghan','Worker Node',1,'Khimut Lumber Camp, Night Crow Post'),(353,'Tulu Island',1,'Balenos','Connection Node',NULL,'Invernen Island, Orffs Island'),(354,'Tungrad Forest',1,'Mediah','Connection Node',NULL,'Soldier\'s Grave, Hasrah Cliff'),(355,'Valencia',0,'Valencia','Town Node',NULL,'Areha Palm Forest, Valencia Castle Site, Rakshan Observatory, Valencia Plantation'),(356,'Valencia Castle',1,'Valencia','Connection Node',NULL,'Valencia Castle Site'),(357,'Valencia Castle Site',1,'Valencia','Connection Node',NULL,'Valencia Castle, Valencia'),(358,'Valencia Plantation',2,'Valencia','Worker Node',1,'Fohalam Farm, Erdal Farm, Valencia'),(359,'Valtarra - Altar of Training',2,'Kamasylvia','Connection Node',NULL,'Western Valtarra Mountains, Valtarra Mountains'),(360,'Valtarra Mountains',1,'Kamasylvia','Connection Node',NULL,'Valtarra - Altar of Training, Viv Foretta\'s Cabin'),(361,'Velia',0,'Balenos','Town Node',NULL,'Coastal Cave, Finto Farm, Forest Of Plunder, Bartali Farm, Loggia Farm, Luivano Island'),(362,'Veteran\'s Canyon',1,'Valencia','Worker Node',1,'Rock Post, Cadry Ruins, Taphtar Plain'),(363,'Viv Foretta\'s Cabin',2,'Kamasylvia','Worker Node',1,'Valtarra Mountains, Atanis Pond'),(364,'Wale Farm',1,'Balenos','Worker Node',0,'Olvia, Thermian Cliff'),(365,'Wandering Rogue Den',1,'Mediah','Connection Node',NULL,'Kasula Farm, Alumn Rock Valley'),(366,'Waragon Nest',1,'Valencia','Connection Node',NULL,'Bashim Base'),(367,'Watchtower',1,'Serendia','Connection Node',NULL,'Orc Camp, Southern Neutral Zone'),(368,'Weenie Cabin',1,'Kamasylvia','Worker Node',1,'Krogdalo Trace'),(369,'Weita Island',1,'Balenos','Worker Node',0,'Kanvera Island, Paratama Island, Baremi Island'),(370,'Western Gateway',3,'Balenos','Connection Node',NULL,'Western Guard Camp, Coastal Cliff, Wolf Hills'),(371,'Western Guard Camp',1,'Balenos','Connection Node',NULL,'Western Gateway, Imp Cave, Toscani Farm, Bandit\'s Den Byway'),(372,'Western Plateau Of Valencia',1,'Valencia','Connection Node',NULL,'Bazaar Farmland, Crescent Mountains'),(373,'Western Valtarra Mountains',2,'Kamasylvia','Connection Node',NULL,'Acher Guard Post, Yianaros\'s Field, Valtarra - Altar of Training, Mirumok Ruins'),(374,'White Wood Forest',1,'Kamasylvia','Connection Node',NULL,'Tooth Fairy Forest, Central Lemoria Camp, Holo Forest, Lake Flondor'),(375,'Windy Peak',1,'Drieghan','Connection Node',NULL,'Morning Fog Post, Garmoth\'s Nest'),(376,'Witch\'s Chapel',1,'Calpheon','Connection Node',NULL,'Hexe Sanctuary, Marie Cave, Fountain Of Origin'),(377,'Wolf Hills',1,'Balenos','Worker Node',5,'Casta Farm, Balenos River Mouth, Western Gateway'),(378,'Yalt Canyon',1,'Valencia','Connection Node',NULL,'Shakatu, Gahaz Bandit\'s Lair'),(379,'Yianaros\'s Field',1,'Kamasylvia','Connection Node',NULL,'Western Valtarra Mountains'),(380,'Zagam Island',1,'Margoria','Connection Node',NULL,'Nada Island');
/*!40000 ALTER TABLE `node` ENABLE KEYS */;
UNLOCK TABLES;

--
-- Table structure for table `prices`
--

DROP TABLE IF EXISTS `prices`;
/*!40101 SET @saved_cs_client     = @@character_set_client */;
 SET character_set_client = utf8mb4 ;
CREATE TABLE `prices` (
  `item_id` int(11) NOT NULL,
  `user_average` int(11) DEFAULT NULL,
  `recent_value` int(11) DEFAULT NULL,
  `vendor_sell` int(11) DEFAULT NULL,
  `vendor_buy` int(11) DEFAULT NULL,
  KEY `item_id` (`item_id`),
  CONSTRAINT `prices_ibfk_1` FOREIGN KEY (`item_id`) REFERENCES `item` (`item_id`)
) ENGINE=InnoDB DEFAULT CHARSET=utf8mb4 COLLATE=utf8mb4_0900_ai_ci;
/*!40101 SET character_set_client = @saved_cs_client */;

--
-- Dumping data for table `prices`
--

LOCK TABLES `prices` WRITE;
/*!40000 ALTER TABLE `prices` DISABLE KEYS */;
INSERT INTO `prices` VALUES (0,435,660,70,NULL),(1,958,975,105,NULL),(2,257,378,40,NULL),(3,300,300,300,NULL),(4,150,150,150,NULL),(5,1439,1440,1440,NULL),(6,649,670,40,1000),(7,2909,6600,70,NULL),(8,441,302,70,NULL),(9,663,1110,100,NULL),(10,357,484,18,NULL),(11,1097,1800,108,NULL),(12,682,1070,114,NULL),(13,975,1130,120,NULL),(14,725,1070,114,NULL),(15,557,735,78,NULL),(16,801,1140,108,NULL),(17,1097,1700,120,NULL),(18,744,1300,114,NULL),(19,2165,3080,320,8000),(20,1330,6000,90,NULL),(21,607,905,80,NULL),(22,100,100,100,NULL),(23,4332,7050,720,NULL),(24,1683,5950,48,NULL),(25,3422,3060,48,NULL),(26,360,565,60,NULL),(27,552,650,69,NULL),(28,200,335,85,NULL),(29,597,1630,70,NULL),(30,340,560,105,NULL),(31,3051,9650,105,NULL),(32,748,975,95,NULL),(33,756,945,100,NULL),(34,378,391,40,NULL),(35,25,25,25,NULL),(36,388,446,40,1000),(37,908,935,100,NULL),(38,1721,1680,40,NULL),(39,65,65,65,NULL),(40,1372,1770,100,NULL),(41,535,580,70,NULL),(42,363,935,19,NULL),(43,740,1210,80,NULL),(44,2104,2110,320,NULL),(45,120,120,120,NULL),(46,382,382,382,NULL),(47,651,2440,34,NULL),(48,1040,1040,1040,NULL),(49,3537,4380,688,NULL),(50,2247,1500,230,NULL),(51,1817,1580,229,NULL),(52,1976,1440,205,NULL),(53,3723,3840,627,NULL),(54,3763,3570,670,NULL),(55,1649,1350,157,NULL),(56,1278,1400,115,NULL),(57,1289,1380,106,NULL),(58,1152,1210,109,NULL),(59,2047,1600,202,NULL),(60,3740,3770,704,NULL),(61,3215,3310,608,NULL),(62,10751,12800,2400,NULL),(63,1117,1080,109,NULL),(64,4231,3570,666,NULL),(65,4278,3340,618,NULL),(66,1306,1740,106,NULL),(67,12039,14100,2640,NULL),(68,7780,13600,608,NULL),(69,2084,1340,189,NULL),(70,11221,13500,2520,NULL),(71,2364,1440,226,NULL),(72,1820,2170,192,NULL),(73,1000,1360,88,NULL),(74,1114,1160,90,NULL),(75,1239,1500,85,NULL),(76,1254,1670,93,NULL),(77,10394,13100,2448,NULL),(78,3512,3200,598,NULL),(79,2169,1440,234,NULL),(80,1222,1340,102,NULL),(81,1043,1280,77,NULL),(82,4032,3400,624,NULL),(83,4003,3650,640,NULL),(84,3278,3270,611,NULL),(85,11212,14100,2640,NULL),(86,1022,1230,85,NULL),(87,523,431,21,525),(88,620,620,620,NULL),(89,262,262,262,NULL),(90,150,150,150,NULL),(91,576,441,38,950),(92,1220,1101,30,NULL),(93,1565,1980,440,NULL),(94,741,1030,109,NULL),(95,502,472,110,NULL),(96,427,488,36,900),(97,300,300,300,NULL),(98,505,2350,41,NULL),(99,2922,4470,340,8500),(100,3024,5850,95,NULL),(101,854,2040,85,NULL),(102,831,870,85,NULL),(103,1757,2400,340,NULL),(104,983,1550,85,NULL),(105,446,900,36,900),(106,286,201,20,NULL),(107,566,950,40,1000),(108,731,635,36,NULL),(109,351,453,48,NULL),(110,840,840,840,NULL),(111,3780,4100,200,NULL),(112,3538,4200,240,NULL),(113,1419,1100,80,NULL),(114,483,453,80,NULL),(115,2490,5555,340,NULL),(116,416,426,85,NULL),(117,1769,1850,456,NULL),(118,1559,7350,104,NULL),(119,589,448,114,NULL),(120,760,760,760,NULL),(121,1991,7650,85,NULL),(122,515,484,75,NULL),(123,2124,2250,600,NULL),(124,1585,2000,432,NULL),(125,1788,1436,97,NULL),(126,370,425,108,NULL),(127,22761,40000,490,NULL),(128,496,525,125,NULL),(129,497,415,44,NULL),(130,896,900,900,NULL),(131,2424,2250,600,NULL),(132,303,360,38,NULL),(133,11138,16500,1600,NULL),(134,1489,3900,404,NULL),(135,2510,2130,104,NULL),(136,540,423,101,NULL),(137,344,320,34,850),(138,425,565,60,NULL),(139,2382,2000,360,9000),(140,4279,6000,100,NULL),(141,650,1000,90,NULL),(142,267,425,45,NULL),(143,244,350,37,NULL),(144,3997,19000,450,NULL),(145,397,840,16,NULL),(146,1835,1880,502,NULL),(147,1519,1870,500,NULL),(148,5627,9900,503,NULL),(149,1644,1870,501,NULL),(150,1631,3150,504,NULL),(151,302,291,30,NULL),(152,2511,2990,100,5000),(153,2108,2700,720,NULL),(154,3239,2550,385,NULL),(155,1115,1530,410,NULL),(156,5631,10800,1000,NULL),(157,1416,1680,375,NULL),(158,11011,21000,875,NULL),(159,1538,2200,390,NULL),(160,2601,2000,350,NULL),(161,1380,1390,370,NULL),(162,3538,33400,900,NULL),(163,1444,3060,360,NULL),(164,1193,1590,425,NULL),(165,125,125,125,NULL),(166,9140,12300,1500,NULL),(167,328,189,20,500),(168,3404,3400,360,NULL),(169,744,850,90,NULL),(170,255,315,23,575),(171,690,790,38,950),(172,6890,7050,680,NULL),(173,4362,4490,272,NULL),(174,1910,2250,600,NULL),(175,525,520,55,NULL),(176,613,585,28,700),(177,917,750,140,NULL),(178,295,414,20,500),(179,331,885,16,NULL),(180,260,201,19,NULL),(181,2561,4500,400,NULL),(182,12391,15000,97,NULL),(183,604,1500,108,NULL),(184,451,790,38,950),(185,790,353,80,NULL),(186,3276,6100,120,NULL),(187,1074,1080,1080,NULL),(188,16,16,16,NULL),(189,15589,50000,500,NULL),(190,13921,66000,500,NULL),(191,19411,39000,500,NULL),(192,4039,6600,500,NULL),(193,15805,45000,500,NULL),(194,5484,6600,500,NULL),(195,20293,50344,500,NULL),(196,37840,63000,500,NULL),(197,11379,35000,500,NULL),(198,14978,15000,500,NULL),(199,35361,66000,500,NULL),(200,1905,5500,110,NULL),(201,525,1022,59,NULL),(202,2943,3440,47,NULL),(203,19,19,19,NULL),(204,149,150,150,NULL),(205,410,412,412,NULL),(206,354,850,18,NULL),(207,496,660,70,NULL),(208,726,1200,100,NULL),(209,292,435,46,NULL),(210,312,435,46,NULL),(211,109,110,110,NULL),(212,949,2070,90,NULL);
/*!40000 ALTER TABLE `prices` ENABLE KEYS */;
UNLOCK TABLES;

--
-- Table structure for table `subnode`
--

DROP TABLE IF EXISTS `subnode`;
/*!40101 SET @saved_cs_client     = @@character_set_client */;
 SET character_set_client = utf8mb4 ;
CREATE TABLE `subnode` (
  `subnode_id` int(11) NOT NULL AUTO_INCREMENT,
  `name` char(50) NOT NULL,
  `cp` int(11) DEFAULT '0',
  `base_workload` int(11) DEFAULT NULL,
  `current_workload` int(11) DEFAULT NULL,
  `node_id` int(11) NOT NULL,
  PRIMARY KEY (`subnode_id`),
  KEY `node_id` (`node_id`),
  CONSTRAINT `subnode_ibfk_1` FOREIGN KEY (`node_id`) REFERENCES `node` (`node_id`)
) ENGINE=InnoDB AUTO_INCREMENT=221 DEFAULT CHARSET=utf8mb4 COLLATE=utf8mb4_0900_ai_ci;
/*!40101 SET character_set_client = @saved_cs_client */;

--
-- Dumping data for table `subnode`
--

LOCK TABLES `subnode` WRITE;
/*!40000 ALTER TABLE `subnode` DISABLE KEYS */;
INSERT INTO `subnode` VALUES (1,'Abandoned Iron Mine - Mining.1',3,250,500,1),(2,'Abandoned Iron Mine - Mining.2',3,100,200,1),(3,'Ahto Farm - Farming.1',2,100,200,13),(4,'Ahto Farm - Farming.2',2,100,200,13),(5,'Akman - Gathering.1',3,75,75,15),(6,'Akum Rocky Mountain - Mining.1',5,140,140,16),(7,'Akum Rocky Mountain - Mining.2',5,140,140,16),(8,'Albresser Island - Fish Drying Yard.1',1,1200,1200,18),(9,'Alejandro Farm - Farming.1',1,100,200,19),(10,'Alejandro Farm - Farming.2',1,100,200,19),(11,'Altas Farmland - Farming.1',3,100,100,22),(12,'Altas Farmland - Farming.2',3,100,100,22),(13,'Ancient Fissure - Mining.1',3,100,200,29),(14,'Ancient Fissure - Gathering.2',3,75,150,29),(15,'Ancient Ruins Excavation Site - Excavation.1',3,600,1200,30),(16,'Ancient Stone Chamber - Excavation.1',1,600,1200,31),(17,'Angie Island - Fish Drying Yard.1',1,1200,2400,32),(18,'Angie Island - Fish Drying Yard.2',1,1200,2400,32),(19,'Areha Palm Forest - Lumbering.1',3,100,100,35),(20,'Areha Palm Forest - Lumbering.2',3,100,100,35),(21,'Baeza Island - Fish Drying Yard.1',1,1200,1200,42),(22,'Balenos Forest - Lumbering.1',1,100,200,44),(23,'Balenos Forest - Gathering.2',1,75,150,44),(24,'Bambu Valley - Gathering.1',3,75,75,47),(25,'Barater Island - Fish Drying Yard.1',1,1200,1200,49),(26,'Barater Island - Fish Drying Yard.2',1,1200,1200,49),(27,'Bartali Farm - Farming.1',1,100,200,52),(28,'Bartali Farm - Farming.2',1,100,200,52),(29,'Bashim Base - Mining.1',3,100,100,53),(30,'Bazaar Farmland - Farming.1',3,100,125,55),(31,'Bazaar Farmland - Farming.2',3,100,125,55),(32,'Behr Riverhead - Mining.1',1,100,200,59),(33,'Beiruwa Island - Fish Drying Yard.1',1,1200,1200,60),(34,'Bernianto Farm - Excavation.1',1,600,1200,61),(35,'Bree Tree Ruins - Gathering.1',1,75,150,67),(36,'Bree Tree Ruins - Lumbering.2',1,75,150,67),(37,'Capotia - Gathering.1',3,75,93,77),(38,'Capotia - Mining.2',3,100,125,77),(39,'Casta Farm - Farming.1',1,100,200,78),(40,'Castle Ruins - Lumbering.1',1,75,150,79),(41,'Coastal Cave - Mining.1',1,75,150,85),(42,'Coastal Cave - Mining.2',1,75,150,85),(43,'Coastal Cliff - Gathering.1',1,75,150,86),(44,'Coastal Cliff - Mining.2',1,75,150,86),(45,'Costa Farm - Farming.1',1,100,200,89),(46,'Costa Farm - Farming.2',1,100,200,89),(47,'Costa Farm - Farming.3',1,100,200,89),(48,'Crescent Mountains - Mining.1',3,100,100,90),(49,'Crescent Mountains - Mining.2',3,100,100,90),(50,'Crescent Shrine - Gathering.1',3,75,75,91),(51,'Crescent Shrine - Mining.2',3,100,100,91),(52,'Cron Castle Site - Gathering.1',1,75,150,94),(53,'Daton Island - Fish Drying Yard.1',1,1200,1200,96),(54,'Delinghart Island - Fish Drying Yard.1',1,1200,1200,97),(55,'Delinghart Island - Fish Drying Yard.2',1,1200,1200,97),(56,'Dormann Lumber Camp - Lumbering.1',5,140,140,104),(57,'Dormann Lumber Camp - Lumbering.2',5,140,140,104),(58,'Duvencrune Farmland - Farming.1',3,140,140,108),(59,'Duvencrune Farmland - Farming.2',3,140,140,108),(60,'Ehwaz Hill - Gathering.1',1,75,150,112),(61,'Ehwaz Hill - Lumbering.2',1,75,150,112),(62,'Elric Shrine - Gathering.1',3,75,150,115),(63,'Elric Shrine - Lumbering.2',3,250,500,115),(64,'Ephde Rune Island - Fish Drying Yard.1',1,1200,2400,116),(65,'Erdal Farm - Farming.1',3,100,100,120),(66,'Erdal Farm - Farming.2',3,100,100,120),(67,'Erdal Farm - Farming.3',3,100,100,120),(68,'Finto Farm - Farming.1',1,100,200,124),(69,'Finto Farm - Farming.2',1,100,200,124),(70,'Fohalam Farm - Farming.1',3,100,100,127),(71,'Fohalam Farm - Farming.2',3,100,100,127),(72,'Forest Of Plunder - Gathering.1',1,75,150,129),(73,'Forest Of Seclusion - Lumbering.1',1,75,150,130),(74,'Forest Of Seclusion - Mining.2',1,75,150,130),(75,'Fountain Of Origin - Excavation.1',3,600,600,132),(76,'Gavinya Coastal Cliff - Mining.1',2,100,100,136),(77,'Gavinya Coastal Cliff - Gathering.2',2,75,75,136),(78,'Gavinya Great Crator - Mining.1',2,100,100,137),(79,'Gavinya Volcano Zone - Mining.1',2,100,100,138),(80,'Gavinya Volcano Zone - Mining.2',2,100,100,138),(81,'Gervish Mountains - Gathering.1',2,140,140,141),(82,'Gervish Mountains - Gathering.2',2,140,140,141),(83,'Glish Ruins - Excavation.1',1,600,1200,145),(84,'Glish Swamp - Gathering.1',1,75,150,146),(85,'Glish Swamp - Mining.2',1,100,200,146),(86,'Glutoni Cave - Mining.1',1,100,100,147),(87,'Glutoni Cave - Gathering.2',1,75,75,147),(88,'Goblin Cave - Mining.1',1,100,200,148),(89,'Goblin Cave - Lumbering.2',1,100,200,148),(90,'Gorgo Rock Belt - Gathering.1',1,75,75,149),(91,'Gorgo Rock Belt - Lumbering.2',1,100,100,149),(92,'Hexe Stone Wall - Mining.1',1,250,250,160),(93,'Holo Forest - Mining.1',2,140,140,162),(94,'Imp Cave - Mining.1',1,100,200,166),(95,'Imp Cave - Mining.2',1,100,200,166),(96,'Invernen Island - Fish Drying Yard.1',1,1200,2400,167),(97,'Invernen Island - Fish Drying Yard.2',1,1200,2400,167),(98,'Iris Canyon - Gathering.1',3,75,75,168),(99,'Iris Canyon - Lumbering.2',3,100,100,168),(100,'Ivero Cliff - Gathering.1',2,75,75,170),(101,'Kamasylve Temple - Gathering.1',2,75,150,172),(102,'Kamasylve Temple - Farming.2',2,100,200,172),(103,'Karanda Ridge - Gathering.1',1,75,150,175),(104,'Kasula Farm - Farming.1',2,100,200,177),(105,'Kasula Farm - Farming.2',2,100,200,177),(106,'Keplan Quarry - Mining.1',1,100,200,180),(107,'Khalk Canyon - Mining.1',5,140,140,182),(108,'Khalk Canyon - Mining.2',5,140,140,182),(109,'Khimut Lumber Camp - Lumbering.1',5,140,140,183),(110,'Khimut Lumber Camp - Lumbering.2',5,140,140,183),(111,'Khuruto Cave - Mining.1',1,250,500,184),(112,'Kmach Canyon - Mining.1',3,100,100,186),(113,'Kmach Canyon - Gathering.2',3,75,75,186),(114,'Kunid\'s Vacation Spot - Gathering.1',3,75,75,189),(115,'Lake Flondor - Mining.1',2,140,140,191),(116,'Leical Falls - Gathering.1',3,75,75,193),(117,'Lisz Island - Fish Drying Yard.1',1,1200,2400,198),(118,'Lisz Island - Fish Drying Yard.2',1,1200,2400,198),(119,'Loggia Farm - Farming.1',1,100,200,199),(120,'Longleaf Tree Forest - Lumbering.1',1,75,150,200),(121,'Longleaf Tree Sentry Post - Gathering.1',1,75,150,201),(122,'Looney Cabin - Gathering.1',2,140,140,202),(123,'Loopy Tree Forest - Lumbering.1',2,140,140,203),(124,'Louruve Island - Fish Drying Yard.1',1,1200,2400,204),(125,'Luivano Island - Fish Drying Yard.1',1,1200,2400,205),(126,'Lumberjack\'s Rest Area - Lumbering.1',1,75,150,206),(127,'Lynch Farm Ruins - Gathering.1',1,75,150,207),(128,'Lynch Farm Ruins - Excavation.2',1,600,1200,207),(129,'Lynch Ranch - Farming.1',1,100,200,208),(130,'Mansha Forest - Lumbering.1',1,75,150,210),(131,'Mansha Forest - Excavation.2',1,600,1200,210),(132,'Marak Farm - Farming.1',3,140,140,212),(133,'Marak Farm - Farming.2',3,140,140,212),(134,'Marie Cave - Gathering.1',1,75,75,214),(135,'Marie Cave - Lumbering.2',1,75,75,214),(136,'Mariveno Island - Fish Drying Yard.1',1,1200,2400,217),(137,'Mariveno Island - Fish Drying Yard.2',1,1200,2400,217),(138,'Marni\'s 2nd Lab - Gathering.1',2,75,75,222),(139,'Mediah Northern Highlands - Lumbering.1',3,100,200,227),(140,'Mediah Northern Highlands - Lumbering.2',3,100,200,227),(141,'Mediah Shore - Mining.1',3,100,200,228),(142,'Modric Island - Fish Drying Yard.1',1,1200,1200,230),(143,'Moretti Plantation - Farming.1',1,100,200,231),(144,'Moretti Plantation - Farming.2',1,100,200,231),(145,'Nada Island - Fish Drying Yard.1',2,1200,1200,234),(146,'Nada Island - Fish Drying Yard.2',2,1200,1200,234),(147,'Northern Cienaga - Gathering.1',1,75,150,242),(148,'Northern Heidel Quarry - Mining.1',1,100,200,244),(149,'Northern Heidel Quarry - Mining.2',1,75,150,244),(150,'Northern Plain Of Serendia - Gathering.1',1,75,150,245),(151,'Northern Plain Of Serendia - Lumbering.2',1,100,200,245),(152,'Northern Sand Dune - Gathering.1',2,100,100,246),(153,'Northern Wheat Plantation - Farming.1',1,100,200,247),(154,'Northern Wheat Plantation - Farming.2',1,100,200,247),(155,'Northern Wheat Plantation - Farming.3',1,100,200,247),(156,'Oben Island - Fish Drying Yard.1',1,1200,1200,249),(157,'Oben Island - Fish Drying Yard.2',1,1200,1200,249),(158,'Old Dandelion - Lumbering.1',1,75,150,252),(159,'Omar Lava Cave - Mining.1',3,250,500,256),(160,'Omar Lava Cave - Mining.2',3,100,200,256),(161,'Orffs Island - Fish Drying Yard.1',1,1200,2400,258),(162,'Orffs Island - Fish Drying Yard.2',1,1200,2400,258),(163,'Oze Pass - Lumbering.1',1,75,150,261),(164,'Paratama Island - Fish Drying Yard.1',1,1200,2400,264),(165,'Phoniel\'s Cabin - Lumbering.1',1,75,150,265),(166,'Pilava Island - Fish Drying Yard.1',1,1200,1200,269),(167,'Pilava Island - Fish Drying Yard.2',1,1200,1200,269),(168,'Pilgrim\'s Haven - Lumbering.1',3,100,125,270),(169,'Pilgrim\'s Haven - Mining.2',3,100,125,270),(170,'Pilgrim\'s Sanctum: Humility - Excavation.1',1,600,600,273),(171,'Polly\'s Forest - Gathering.1',2,140,140,278),(172,'Primal Giant Post - Mining.1',1,100,100,282),(173,'Pujara Island - Fish Drying Yard.1',1,1200,2400,283),(174,'Pujara Island - Fish Drying Yard.2',1,1200,2400,283),(175,'Pujiya Canyon - Mining.1',3,100,100,284),(176,'Quint Hill - Mining.1',1,100,200,286),(177,'Quint Hill - Lumbering.2',1,75,150,286),(178,'Randis Island - Fish Drying Yard.1',1,1200,1200,290),(179,'Randis Island - Fish Drying Yard.2',1,1200,1200,290),(180,'Rhua Tree Stub - Gathering.1',1,75,75,291),(181,'Rhua Tree Stub - Excavation.2',1,600,600,291),(182,'Rhutum Outstation - Mining.1',1,100,200,292),(183,'Roud Sulfur Works - Mining.1',5,600,600,297),(184,'Serca Island - Fish Drying Yard.1',1,1200,1200,308),(185,'Serendia Shrine - Lumbering.1',1,75,150,309),(186,'Shady Tree Forest - Lumbering.1',3,140,140,310),(187,'Shakatu Farmland - Farming.1',3,100,100,313),(188,'Shakatu Farmland - Farming.2',3,100,100,313),(189,'Shakatu Farmland - Farming.3',3,100,100,313),(190,'Sherekhan Necropolis - Excavation.1',3,600,600,315),(191,'Shuri Farm - Farming.1',2,100,200,317),(192,'Southern Cienaga - Gathering.1',1,75,150,321),(193,'Southern Cienaga - Mining.2',1,75,150,321),(194,'Southern Kamasylvia - Mining.1',2,140,140,323),(195,'Staren Island - Fish Drying Yard.1',1,1200,2400,327),(196,'Staren Island - Fish Drying Yard.2',1,1200,2400,327),(197,'Stonetail Wasteland - Lumbering.1',3,100,200,330),(198,'Taramura Island - Fish Drying Yard.1',1,1200,1200,332),(199,'Taramura Island - Fish Drying Yard.2',1,1200,1200,332),(200,'Teyamal Island - Fish Drying Yard.1',1,1200,1200,337),(201,'Teyamal Island - Fish Drying Yard.2',1,1200,1200,337),(202,'Thermian Cliff - Mining.1',1,100,100,340),(203,'Titium Valley - Gathering.1',3,75,75,343),(204,'Titium Valley - Gathering.2',3,75,75,343),(205,'Titium Valley - Lumbering.3',3,100,100,343),(206,'Tooth Fairy Forest - Excavation.1',2,600,600,346),(207,'Toscani Farm - Farming.1',1,100,200,347),(208,'Toscani Farm - Farming.2',1,100,200,347),(209,'Treant Forest - Lumbering.1',1,75,150,348),(210,'Tshira Ruins - Gathering.1',2,140,140,352),(211,'Tshira Ruins - Gathering.2',2,140,140,352),(212,'Valencia Plantation - Farming.1',3,100,100,358),(213,'Valencia Plantation - Farming.2',3,100,100,358),(214,'Valencia Plantation - Farming.3',3,100,100,358),(215,'Veteran\'s Canyon - Lumbering.1',3,100,100,362),(216,'Viv Foretta\'s Cabin - Farming.1',1,140,140,363),(217,'Wale Farm - Farming.1',1,100,200,364),(218,'Weenie Cabin - Gathering.1',2,140,140,368),(219,'Weita Island - Fish Drying Yard.1',1,1200,2400,369),(220,'Wolf Hills - Lumbering.1',1,100,150,377);
/*!40000 ALTER TABLE `subnode` ENABLE KEYS */;
UNLOCK TABLES;

--
-- Table structure for table `subnode_city`
--

DROP TABLE IF EXISTS `subnode_city`;
/*!40101 SET @saved_cs_client     = @@character_set_client */;
 SET character_set_client = utf8mb4 ;
CREATE TABLE `subnode_city` (
  `subnode_id` int(11) NOT NULL,
  `city_id` int(11) NOT NULL,
  KEY `subnode_id` (`subnode_id`),
  KEY `city_id` (`city_id`),
  CONSTRAINT `subnode_city_ibfk_1` FOREIGN KEY (`subnode_id`) REFERENCES `subnode` (`subnode_id`),
  CONSTRAINT `subnode_city_ibfk_2` FOREIGN KEY (`city_id`) REFERENCES `city` (`city_id`)
) ENGINE=InnoDB DEFAULT CHARSET=utf8mb4 COLLATE=utf8mb4_0900_ai_ci;
/*!40101 SET character_set_client = @saved_cs_client */;

--
-- Dumping data for table `subnode_city`
--

LOCK TABLES `subnode_city` WRITE;
/*!40000 ALTER TABLE `subnode_city` DISABLE KEYS */;
/*!40000 ALTER TABLE `subnode_city` ENABLE KEYS */;
UNLOCK TABLES;

--
-- Table structure for table `subnode_item`
--

DROP TABLE IF EXISTS `subnode_item`;
/*!40101 SET @saved_cs_client     = @@character_set_client */;
 SET character_set_client = utf8mb4 ;
CREATE TABLE `subnode_item` (
  `subnode_id` int(11) NOT NULL,
  `item_id` int(11) NOT NULL,
  KEY `subnode_id` (`subnode_id`),
  KEY `item_id` (`item_id`),
  CONSTRAINT `subnode_item_ibfk_1` FOREIGN KEY (`subnode_id`) REFERENCES `subnode` (`subnode_id`),
  CONSTRAINT `subnode_item_ibfk_2` FOREIGN KEY (`item_id`) REFERENCES `item` (`item_id`)
) ENGINE=InnoDB DEFAULT CHARSET=utf8mb4 COLLATE=utf8mb4_0900_ai_ci;
/*!40101 SET character_set_client = @saved_cs_client */;

--
-- Dumping data for table `subnode_item`
--

LOCK TABLES `subnode_item` WRITE;
/*!40000 ALTER TABLE `subnode_item` DISABLE KEYS */;
/*!40000 ALTER TABLE `subnode_item` ENABLE KEYS */;
UNLOCK TABLES;

--
-- Table structure for table `yield`
--

DROP TABLE IF EXISTS `yield`;
/*!40101 SET @saved_cs_client     = @@character_set_client */;
 SET character_set_client = utf8mb4 ;
CREATE TABLE `yield` (
  `yield_id` int(11) NOT NULL AUTO_INCREMENT,
  `amount` int(11) DEFAULT NULL,
  `item_id` int(11) NOT NULL,
  `subnode_id` int(11) NOT NULL,
  PRIMARY KEY (`yield_id`),
  KEY `item_id` (`item_id`),
  KEY `subnode_id` (`subnode_id`),
  CONSTRAINT `yield_ibfk_1` FOREIGN KEY (`item_id`) REFERENCES `item` (`item_id`),
  CONSTRAINT `yield_ibfk_2` FOREIGN KEY (`subnode_id`) REFERENCES `subnode` (`subnode_id`)
) ENGINE=InnoDB DEFAULT CHARSET=utf8mb4 COLLATE=utf8mb4_0900_ai_ci;
/*!40101 SET character_set_client = @saved_cs_client */;

--
-- Dumping data for table `yield`
--

LOCK TABLES `yield` WRITE;
/*!40000 ALTER TABLE `yield` DISABLE KEYS */;
/*!40000 ALTER TABLE `yield` ENABLE KEYS */;
UNLOCK TABLES;
/*!40103 SET TIME_ZONE=@OLD_TIME_ZONE */;

/*!40101 SET SQL_MODE=@OLD_SQL_MODE */;
/*!40014 SET FOREIGN_KEY_CHECKS=@OLD_FOREIGN_KEY_CHECKS */;
/*!40014 SET UNIQUE_CHECKS=@OLD_UNIQUE_CHECKS */;
/*!40101 SET CHARACTER_SET_CLIENT=@OLD_CHARACTER_SET_CLIENT */;
/*!40101 SET CHARACTER_SET_RESULTS=@OLD_CHARACTER_SET_RESULTS */;
/*!40101 SET COLLATION_CONNECTION=@OLD_COLLATION_CONNECTION */;
/*!40111 SET SQL_NOTES=@OLD_SQL_NOTES */;

-- Dump completed on 2019-07-25 17:09:28
